"First Name","Last Name"
"John","Casey"
"Ryan","Warren"
"Jacob","Henderson"
"Honey","Wells"
"Reid","Grant"
"Vivian","Carroll"
"Sophia","Rogers"
"Sydney","Riley"
"Lyndon","Riley"
"Brad","Elliott"
"Bruce","Wells"
"Evelyn","Russell"
"William","Williams"
"Arnold","Turner"
"Jack","Robinson"
"Maya","Allen"
"Darcy","Roberts"
"Ted","Brooks"
"Miley","Cameron"
"Alfred","Mitchell"
"Daniel","Ellis"
"Myra","Alexander"
"Sam","Harrison"
"Chelsea","Warren"
"Leonardo","Adams"
"Annabella","Moore"
"Jack","Jones"
"Adam","Perkins"
"Lucy","Cunningham"
"Samantha","Mitchell"
"Cadie","Richards"
"Derek","Morris"
"Leonardo","Barnes"
"Oscar","Hall"
"Kate","Lloyd"
"Elise","Phillips"
"Michael","Phillips"
"Walter","Rogers"
"Frederick","Davis"
"Maya","Rogers"
"Reid","Crawford"
"Justin","Harper"
"Agata","Moore"
"Tyler","Cole"
"Lyndon","Baker"
"Harold","Ellis"
"Elian","Andrews"
"Melanie","Cameron"
"Joyce","Johnston"
"Deanna","Crawford"
"Rubie","Mitchell"
"Lilianna","Davis"
"Honey","Smith"
"Rafael","Stevens"
"Charlotte","Stevens"
"Miley","Evans"
"Carlos","Brooks"
"Chloe","Reed"
"Rebecca","Moore"
"Vivian","Davis"
"Gianna","Carroll"
"Amber","Higgins"
"Annabella","Armstrong"
"Kelvin","Riley"
"Alen","Davis"
"Julian","Hill"
"Rafael","Smith"
"Amy","Stewart"
"Maria","Mason"
"Tess","Ellis"
"April","Edwards"
"Thomas","Adams"
"Luke","Carroll"
"Sienna","Martin"
"Carl","Carroll"
"Joyce","Baker"
"Adrianna","Perry"
"Oscar","Moore"
"Bruce","Sullivan"
"Max","Hill"
"Ryan","Richardson"
"Daniel","Roberts"
"Tess","Fowler"
"Edwin","Robinson"
"Reid","Walker"
"Stuart","Nelson"
"Mike","Gibson"
"Eleanor","Lloyd"
"Bruce","Myers"
"Fenton","Hall"
"Kelsey","Morgan"
"Rosie","Casey"
"Jacob","Higgins"
"Ryan","Andrews"
"Charlotte","Perkins"
"Owen","Farrell"
"Paige","Ryan"
"Ashton","Anderson"
"Paige","Edwards"
"Naomi","Myers"
